index,true_label,true_class,predicted_label,predicted_class
9,1,automobile,9,truck
17,7,horse,9,truck
24,5,dog,4,deer
25,2,bird,4,deer
33,5,dog,3,cat
35,2,bird,9,truck
37,1,automobile,9,truck
42,5,dog,3,cat
46,3,cat,6,frog
52,0,airplane,7,horse
53,3,cat,6,frog
57,7,horse,3,cat
58,4,deer,3,cat
61,3,cat,5,dog
65,2,bird,6,frog
68,3,cat,9,truck
74,0,airplane,9,truck
78,3,cat,5,dog
85,5,dog,9,truck
86,2,bird,9,truck
91,3,cat,6,frog
101,5,dog,6,frog
110,4,deer,6,frog
118,2,bird,6,frog
126,8,ship,0,airplane
127,3,cat,6,frog
129,2,bird,0,airplane
143,3,cat,5,dog
145,7,horse,9,truck
147,2,bird,5,dog
155,5,dog,6,frog
158,5,dog,3,cat
160,2,bird,0,airplane
164,8,ship,9,truck
167,4,deer,6,frog
168,5,dog,9,truck
183,2,bird,6,frog
188,4,deer,3,cat
192,0,airplane,9,truck
195,2,bird,4,deer
210,7,horse,5,dog
211,4,deer,9,truck
224,3,cat,4,deer
228,7,horse,3,cat
237,0,airplane,9,truck
245,3,cat,6,frog
247,9,truck,8,ship
249,2,bird,4,deer
256,3,cat,6,frog
258,0,airplane,8,ship
260,8,ship,6,frog
261,1,automobile,9,truck
263,7,horse,6,frog
264,0,airplane,8,ship
266,2,bird,9,truck
271,3,cat,5,dog
273,3,cat,5,dog
277,3,cat,9,truck
284,0,airplane,9,truck
293,9,truck,1,automobile
303,2,bird,8,ship
308,1,automobile,9,truck
309,6,frog,4,deer
312,8,ship,0,airplane
313,0,airplane,2,bird
321,5,dog,3,cat
323,3,cat,5,dog
324,4,deer,7,horse
325,1,automobile,9,truck
346,4,deer,7,horse
354,2,bird,6,frog
355,7,horse,4,deer
356,3,cat,6,frog
366,1,automobile,9,truck
368,8,ship,4,deer
370,4,deer,6,frog
376,0,airplane,9,truck
378,0,airplane,2,bird
388,2,bird,5,dog
392,6,frog,1,automobile
393,2,bird,6,frog
397,3,cat,9,truck
398,0,airplane,9,truck
399,3,cat,9,truck
401,8,ship,1,automobile
405,4,deer,6,frog
409,2,bird,3,cat
411,9,truck,0,airplane
418,3,cat,7,horse
422,0,airplane,8,ship
423,0,airplane,5,dog
426,3,cat,6,frog
428,0,airplane,9,truck
430,2,bird,4,deer
431,5,dog,8,ship
434,3,cat,9,truck
436,2,bird,9,truck
439,1,automobile,9,truck
449,2,bird,0,airplane
450,2,bird,6,frog
453,3,cat,4,deer
455,4,deer,2,bird
456,3,cat,4,deer
458,4,deer,3,cat
459,6,frog,9,truck
480,8,ship,9,truck
488,5,dog,4,deer
491,0,airplane,7,horse
502,5,dog,3,cat
508,9,truck,1,automobile
518,5,dog,7,horse
531,0,airplane,9,truck
537,2,bird,6,frog
539,0,airplane,9,truck
540,1,automobile,9,truck
548,2,bird,9,truck
551,5,dog,3,cat
563,2,bird,6,frog
564,2,bird,6,frog
565,3,cat,5,dog
567,7,horse,5,dog
598,5,dog,3,cat
607,3,cat,7,horse
615,8,ship,9,truck
618,2,bird,0,airplane
623,2,bird,9,truck
630,2,bird,4,deer
639,5,dog,3,cat
641,3,cat,6,frog
655,2,bird,4,deer
658,4,deer,6,frog
661,4,deer,7,horse
665,8,ship,0,airplane
669,3,cat,5,dog
671,3,cat,7,horse
672,6,frog,7,horse
676,3,cat,4,deer
677,1,automobile,9,truck
678,0,airplane,1,automobile
682,4,deer,7,horse
683,8,ship,1,automobile
689,0,airplane,6,frog
692,2,bird,0,airplane
697,2,bird,7,horse
701,2,bird,0,airplane
711,8,ship,0,airplane
715,3,cat,9,truck
717,8,ship,9,truck
725,2,bird,1,automobile
727,3,cat,7,horse
730,4,deer,5,dog
731,2,bird,0,airplane
734,9,truck,1,automobile
739,3,cat,7,horse
749,5,dog,3,cat
751,2,bird,0,airplane
767,0,airplane,9,truck
771,1,automobile,9,truck
773,4,deer,6,frog
776,2,bird,3,cat
779,5,dog,6,frog
790,3,cat,0,airplane
792,3,cat,5,dog
793,4,deer,5,dog
796,1,automobile,9,truck
797,4,deer,3,cat
798,7,horse,6,frog
799,2,bird,4,deer
802,4,deer,2,bird
806,8,ship,0,airplane
807,4,deer,6,frog
810,5,dog,2,bird
811,3,cat,5,dog
814,0,airplane,9,truck
817,5,dog,6,frog
818,8,ship,9,truck
825,3,cat,5,dog
830,1,automobile,9,truck
831,3,cat,6,frog
835,4,deer,9,truck
836,1,automobile,9,truck
837,2,bird,5,dog
845,3,cat,0,airplane
848,2,bird,6,frog
853,9,truck,1,automobile
855,7,horse,9,truck
862,3,cat,6,frog
863,3,cat,5,dog
866,3,cat,9,truck
877,2,bird,5,dog
878,3,cat,4,deer
881,4,deer,6,frog
882,3,cat,4,deer
886,0,airplane,9,truck
888,0,airplane,1,automobile
889,4,deer,6,frog
893,6,frog,3,cat
896,3,cat,9,truck
898,3,cat,7,horse
900,2,bird,6,frog
905,7,horse,0,airplane
910,5,dog,7,horse
914,0,airplane,9,truck
916,3,cat,4,deer
924,5,dog,0,airplane
932,3,cat,4,deer
933,2,bird,7,horse
943,4,deer,6,frog
948,3,cat,7,horse
957,3,cat,5,dog
966,6,frog,9,truck
972,2,bird,6,frog
982,0,airplane,7,horse
988,2,bird,0,airplane
993,4,deer,7,horse
998,3,cat,8,ship
1019,5,dog,3,cat
1026,0,airplane,6,frog
1032,6,frog,1,automobile
1034,6,frog,3,cat
1035,6,frog,4,deer
1039,2,bird,6,frog
1043,2,bird,4,deer
1049,4,deer,9,truck
1050,3,cat,0,airplane
1051,2,bird,6,frog
1053,3,cat,5,dog
1056,3,cat,5,dog
1057,7,horse,9,truck
1058,6,frog,9,truck
1072,0,airplane,8,ship
1074,3,cat,6,frog
1095,2,bird,6,frog
1109,0,airplane,1,automobile
1112,3,cat,4,deer
1118,4,deer,5,dog
1121,3,cat,6,frog
1124,3,cat,4,deer
1126,2,bird,0,airplane
1128,4,deer,5,dog
1129,3,cat,5,dog
1130,7,horse,9,truck
1131,1,automobile,9,truck
1137,0,airplane,9,truck
1138,5,dog,9,truck
1145,4,deer,6,frog
1146,2,bird,4,deer
1147,6,frog,9,truck
1149,7,horse,9,truck
1150,2,bird,7,horse
1157,7,horse,4,deer
1158,1,automobile,9,truck
1163,3,cat,5,dog
1167,4,deer,3,cat
1177,9,truck,1,automobile
1180,3,cat,5,dog
1181,3,cat,6,frog
1185,1,automobile,9,truck
1191,1,automobile,9,truck
1193,5,dog,2,bird
1194,4,deer,7,horse
1208,3,cat,9,truck
1219,3,cat,5,dog
1224,7,horse,4,deer
1228,5,dog,3,cat
1230,5,dog,3,cat
1236,7,horse,3,cat
1237,0,airplane,8,ship
1240,2,bird,6,frog
1247,3,cat,4,deer
1248,2,bird,4,deer
1254,2,bird,0,airplane
1268,3,cat,9,truck
1272,4,deer,7,horse
1275,3,cat,8,ship
1277,2,bird,6,frog
1297,2,bird,0,airplane
1303,4,deer,6,frog
1306,1,automobile,9,truck
1307,2,bird,0,airplane
1308,5,dog,4,deer
1322,0,airplane,9,truck
1323,0,airplane,9,truck
1325,2,bird,4,deer
1330,2,bird,3,cat
1332,1,automobile,9,truck
1333,7,horse,9,truck
1334,3,cat,2,bird
1339,5,dog,6,frog
1346,3,cat,4,deer
1353,3,cat,5,dog
1355,5,dog,6,frog
1356,2,bird,6,frog
1372,1,automobile,9,truck
1377,3,cat,8,ship
1381,6,frog,9,truck
1389,5,dog,6,frog
1391,7,horse,9,truck
1399,2,bird,4,deer
1408,1,automobile,9,truck
1420,4,deer,7,horse
1429,6,frog,3,cat
1438,5,dog,1,automobile
1439,9,truck,1,automobile
1443,4,deer,6,frog
1445,3,cat,4,deer
1451,2,bird,6,frog
1456,2,bird,7,horse
1461,0,airplane,9,truck
1463,0,airplane,9,truck
1470,7,horse,0,airplane
1471,8,ship,0,airplane
1474,3,cat,5,dog
1479,2,bird,4,deer
1480,1,automobile,9,truck
1491,4,deer,6,frog
1492,9,truck,8,ship
1494,7,horse,2,bird
1495,2,bird,0,airplane
1496,2,bird,6,frog
1501,2,bird,3,cat
1503,4,deer,3,cat
1505,2,bird,6,frog
1506,5,dog,7,horse
1507,2,bird,9,truck
1527,5,dog,7,horse
1529,4,deer,6,frog
1530,3,cat,9,truck
1531,7,horse,6,frog
1536,5,dog,9,truck
1537,4,deer,7,horse
1538,3,cat,9,truck
1545,1,automobile,9,truck
1547,2,bird,0,airplane
1548,5,dog,4,deer
1549,1,automobile,9,truck
1567,2,bird,5,dog
1570,4,deer,9,truck
1572,6,frog,9,truck
1574,0,airplane,9,truck
1576,7,horse,6,frog
1577,5,dog,6,frog
1581,2,bird,7,horse
1587,2,bird,0,airplane
1593,3,cat,4,deer
1595,3,cat,6,frog
1600,8,ship,9,truck
1603,3,cat,0,airplane
1605,3,cat,7,horse
1606,3,cat,6,frog
1610,2,bird,8,ship
1618,7,horse,9,truck
1623,2,bird,6,frog
1628,4,deer,7,horse
1632,8,ship,0,airplane
1636,5,dog,9,truck
1637,5,dog,6,frog
1640,7,horse,5,dog
1644,2,bird,6,frog
1649,5,dog,6,frog
1656,2,bird,0,airplane
1662,3,cat,9,truck
1673,2,bird,6,frog
1675,5,dog,9,truck
1681,5,dog,6,frog
1684,1,automobile,8,ship
1685,8,ship,9,truck
1686,0,airplane,8,ship
1690,2,bird,9,truck
1696,4,deer,0,airplane
1708,7,horse,1,automobile
1710,4,deer,6,frog
1715,3,cat,4,deer
1718,0,airplane,8,ship
1721,8,ship,9,truck
1723,2,bird,7,horse
1731,5,dog,6,frog
1732,9,truck,1,automobile
1739,0,airplane,9,truck
1741,4,deer,3,cat
1746,2,bird,4,deer
1750,8,ship,0,airplane
1756,2,bird,9,truck
1759,5,dog,3,cat
1763,2,bird,9,truck
1764,5,dog,9,truck
1767,2,bird,6,frog
1768,2,bird,0,airplane
1771,2,bird,6,frog
1777,4,deer,7,horse
1779,3,cat,5,dog
1790,7,horse,4,deer
1791,4,deer,6,frog
1794,3,cat,4,deer
1796,0,airplane,8,ship
1803,2,bird,5,dog
1804,5,dog,9,truck
1807,5,dog,9,truck
1812,5,dog,4,deer
1823,0,airplane,4,deer
1828,7,horse,9,truck
1835,0,airplane,4,deer
1850,1,automobile,9,truck
1852,2,bird,9,truck
1858,4,deer,7,horse
1860,8,ship,9,truck
1862,5,dog,4,deer
1868,2,bird,7,horse
1883,3,cat,6,frog
1884,7,horse,6,frog
1886,8,ship,9,truck
1892,6,frog,9,truck
1895,8,ship,0,airplane
1897,8,ship,0,airplane
1898,0,airplane,5,dog
1905,3,cat,6,frog
1909,3,cat,4,deer
1911,4,deer,6,frog
1926,0,airplane,9,truck
1933,3,cat,5,dog
1935,6,frog,4,deer
1936,3,cat,5,dog
1937,1,automobile,9,truck
1938,8,ship,0,airplane
1939,6,frog,9,truck
1942,2,bird,4,deer
1945,4,deer,7,horse
1947,3,cat,9,truck
1954,2,bird,0,airplane
1955,2,bird,0,airplane
1957,3,cat,9,truck
1960,2,bird,5,dog
1969,1,automobile,9,truck
1970,1,automobile,9,truck
1975,6,frog,9,truck
1983,8,ship,9,truck
1986,4,deer,6,frog
1990,4,deer,7,horse
1993,3,cat,4,deer
1996,3,cat,5,dog
1998,8,ship,0,airplane
2000,1,automobile,9,truck
2001,5,dog,2,bird
2003,5,dog,6,frog
2010,7,horse,1,automobile
2015,4,deer,6,frog
2017,5,dog,3,cat
2018,3,cat,6,frog
2023,5,dog,3,cat
2033,2,bird,4,deer
2034,3,cat,4,deer
2036,5,dog,3,cat
2044,3,cat,5,dog
2049,3,cat,4,deer
2054,3,cat,5,dog
2059,9,truck,0,airplane
2061,5,dog,4,deer
2065,2,bird,6,frog
2066,2,bird,4,deer
2067,7,horse,1,automobile
2078,2,bird,6,frog
2080,1,automobile,9,truck
2081,3,cat,6,frog
2083,2,bird,5,dog
2085,0,airplane,2,bird
2091,0,airplane,9,truck
2096,2,bird,9,truck
2111,9,truck,1,automobile
2127,2,bird,5,dog
2128,4,deer,6,frog
2136,0,airplane,9,truck
2141,7,horse,5,dog
2144,3,cat,5,dog
2151,5,dog,1,automobile
2154,5,dog,8,ship
2157,3,cat,6,frog
2159,8,ship,9,truck
2161,5,dog,3,cat
2165,2,bird,0,airplane
2167,7,horse,5,dog
2172,5,dog,4,deer
2175,3,cat,5,dog
2193,2,bird,0,airplane
2205,5,dog,9,truck
2212,2,bird,6,frog
2213,4,deer,6,frog
2214,4,deer,3,cat
2216,2,bird,5,dog
2226,2,bird,6,frog
2231,3,cat,5,dog
2232,0,airplane,9,truck
2233,3,cat,5,dog
2242,2,bird,6,frog
2248,0,airplane,8,ship
2250,7,horse,9,truck
2251,6,frog,3,cat
2253,3,cat,7,horse
2262,2,bird,4,deer
2270,2,bird,4,deer
2276,0,airplane,1,automobile
2283,4,deer,6,frog
2285,3,cat,5,dog
2286,3,cat,6,frog
2288,5,dog,6,frog
2293,8,ship,1,automobile
2300,3,cat,5,dog
2301,2,bird,6,frog
2312,2,bird,4,deer
2320,5,dog,9,truck
2321,2,bird,9,truck
2325,7,horse,0,airplane
2331,2,bird,4,deer
2339,2,bird,4,deer
2350,3,cat,5,dog
2351,1,automobile,9,truck
2352,2,bird,6,frog
2358,7,horse,5,dog
2359,2,bird,3,cat
2361,2,bird,0,airplane
2362,3,cat,6,frog
2379,0,airplane,8,ship
2383,2,bird,4,deer
2384,5,dog,7,horse
2391,2,bird,5,dog
2401,3,cat,8,ship
2405,3,cat,6,frog
2413,4,deer,6,frog
2414,5,dog,6,frog
2422,3,cat,4,deer
2425,0,airplane,9,truck
2426,2,bird,0,airplane
2434,0,airplane,9,truck
2441,4,deer,6,frog
2442,4,deer,6,frog
2444,3,cat,5,dog
2452,2,bird,4,deer
2453,3,cat,4,deer
2463,0,airplane,9,truck
2464,2,bird,6,frog
2466,2,bird,0,airplane
2472,5,dog,6,frog
2473,0,airplane,8,ship
2483,2,bird,7,horse
2487,5,dog,9,truck
2489,3,cat,4,deer
2495,9,truck,8,ship
2498,3,cat,9,truck
2500,4,deer,6,frog
2506,3,cat,2,bird
2509,2,bird,6,frog
2510,4,deer,7,horse
2511,8,ship,1,automobile
2515,2,bird,4,deer
2516,2,bird,5,dog
2520,1,automobile,9,truck
2525,5,dog,1,automobile
2526,3,cat,4,deer
2530,6,frog,5,dog
2531,2,bird,5,dog
2532,0,airplane,1,automobile
2533,8,ship,9,truck
2535,0,airplane,4,deer
2538,5,dog,4,deer
2540,2,bird,5,dog
2542,2,bird,0,airplane
2543,3,cat,5,dog
2544,2,bird,5,dog
2548,0,airplane,9,truck
2554,4,deer,7,horse
2557,2,bird,4,deer
2566,2,bird,3,cat
2567,4,deer,3,cat
2570,0,airplane,2,bird
2585,3,cat,5,dog
2590,5,dog,9,truck
2592,2,bird,4,deer
2597,2,bird,3,cat
2603,0,airplane,9,truck
2605,4,deer,7,horse
2606,3,cat,9,truck
2609,5,dog,3,cat
2612,3,cat,0,airplane
2618,5,dog,6,frog
2629,2,bird,6,frog
2630,2,bird,6,frog
2632,3,cat,6,frog
2634,1,automobile,9,truck
2642,7,horse,6,frog
2643,3,cat,5,dog
2650,5,dog,7,horse
2651,5,dog,1,automobile
2661,3,cat,5,dog
2674,0,airplane,4,deer
2675,2,bird,4,deer
2676,4,deer,6,frog
2688,5,dog,3,cat
2689,5,dog,3,cat
2690,2,bird,6,frog
2695,2,bird,4,deer
2697,0,airplane,1,automobile
2704,0,airplane,9,truck
2705,8,ship,0,airplane
2719,4,deer,2,bird
2722,5,dog,4,deer
2728,2,bird,5,dog
2729,5,dog,3,cat
2737,8,ship,1,automobile
2746,2,bird,1,automobile
2755,5,dog,7,horse
2760,2,bird,4,deer
2767,5,dog,3,cat
2769,2,bird,9,truck
2770,7,horse,9,truck
2788,7,horse,9,truck
2798,3,cat,5,dog
2804,3,cat,8,ship
2808,2,bird,6,frog
2810,9,truck,0,airplane
2814,1,automobile,9,truck
2818,5,dog,4,deer
2821,0,airplane,4,deer
2822,3,cat,9,truck
2825,2,bird,6,frog
2831,3,cat,9,truck
2835,4,deer,6,frog
2836,3,cat,8,ship
2840,3,cat,2,bird
2842,7,horse,5,dog
2843,1,automobile,9,truck
2844,4,deer,3,cat
2847,8,ship,0,airplane
2852,2,bird,6,frog
2855,3,cat,4,deer
2867,7,horse,4,deer
2889,7,horse,6,frog
2895,7,horse,5,dog
2897,3,cat,9,truck
2898,8,ship,9,truck
2903,2,bird,7,horse
2910,8,ship,9,truck
2912,2,bird,4,deer
2923,3,cat,7,horse
2930,7,horse,9,truck
2940,3,cat,0,airplane
2948,5,dog,0,airplane
2957,8,ship,9,truck
2958,0,airplane,9,truck
2959,7,horse,8,ship
2962,8,ship,0,airplane
2977,2,bird,6,frog
2978,2,bird,9,truck
2981,4,deer,6,frog
2985,2,bird,9,truck
2987,1,automobile,3,cat
2997,2,bird,5,dog
3003,2,bird,0,airplane
3011,3,cat,9,truck
3013,3,cat,7,horse
3014,6,frog,3,cat
3019,5,dog,3,cat
3025,2,bird,6,frog
3026,5,dog,7,horse
3029,1,automobile,9,truck
3032,2,bird,9,truck
3035,3,cat,6,frog
3049,3,cat,5,dog
3051,8,ship,2,bird
3052,3,cat,6,frog
3056,4,deer,6,frog
3059,5,dog,7,horse
3068,2,bird,0,airplane
3072,8,ship,1,automobile
3073,3,cat,9,truck
3075,6,frog,3,cat
3082,7,horse,8,ship
3083,5,dog,9,truck
3084,3,cat,4,deer
3094,2,bird,0,airplane
3095,4,deer,6,frog
3097,0,airplane,7,horse
3107,5,dog,3,cat
3108,8,ship,2,bird
3110,7,horse,2,bird
3113,3,cat,2,bird
3124,6,frog,8,ship
3125,3,cat,9,truck
3130,3,cat,5,dog
3135,7,horse,5,dog
3139,2,bird,9,truck
3146,2,bird,6,frog
3150,1,automobile,9,truck
3151,8,ship,1,automobile
3158,0,airplane,8,ship
3168,9,truck,4,deer
3171,0,airplane,9,truck
3180,3,cat,6,frog
3185,2,bird,6,frog
3190,3,cat,5,dog
3192,5,dog,4,deer
3193,2,bird,4,deer
3194,3,cat,5,dog
3204,5,dog,3,cat
3207,0,airplane,9,truck
3211,0,airplane,9,truck
3218,9,truck,8,ship
3219,0,airplane,1,automobile
3226,8,ship,0,airplane
3227,2,bird,4,deer
3230,3,cat,5,dog
3231,3,cat,9,truck
3237,9,truck,1,automobile
3242,4,deer,6,frog
3247,3,cat,5,dog
3251,5,dog,3,cat
3262,2,bird,3,cat
3264,5,dog,0,airplane
3275,5,dog,3,cat
3283,7,horse,6,frog
3297,4,deer,3,cat
3299,0,airplane,6,frog
3301,8,ship,4,deer
3306,5,dog,3,cat
3309,4,deer,7,horse
3318,8,ship,9,truck
3320,2,bird,9,truck
3321,0,airplane,1,automobile
3324,3,cat,4,deer
3325,6,frog,5,dog
3327,7,horse,6,frog
3329,3,cat,9,truck
3338,0,airplane,7,horse
3342,0,airplane,8,ship
3343,3,cat,7,horse
3346,4,deer,0,airplane
3352,2,bird,3,cat
3354,3,cat,8,ship
3355,5,dog,6,frog
3357,8,ship,0,airplane
3359,7,horse,3,cat
3363,2,bird,6,frog
3366,8,ship,0,airplane
3369,5,dog,3,cat
3373,6,frog,3,cat
3374,6,frog,9,truck
3379,5,dog,4,deer
3381,5,dog,3,cat
3382,2,bird,6,frog
3387,3,cat,6,frog
3392,1,automobile,9,truck
3398,2,bird,0,airplane
3400,6,frog,1,automobile
3412,0,airplane,4,deer
3413,3,cat,1,automobile
3414,3,cat,7,horse
3416,7,horse,4,deer
3421,0,airplane,9,truck
3422,2,bird,5,dog
3428,2,bird,9,truck
3430,8,ship,0,airplane
3433,4,deer,7,horse
3439,4,deer,6,frog
3440,2,bird,3,cat
3442,6,frog,3,cat
3443,4,deer,2,bird
3444,0,airplane,2,bird
3446,6,frog,9,truck
3447,4,deer,6,frog
3450,9,truck,1,automobile
3461,7,horse,5,dog
3462,2,bird,9,truck
3467,0,airplane,9,truck
3468,2,bird,5,dog
3470,7,horse,3,cat
3474,2,bird,6,frog
3489,3,cat,9,truck
3491,3,cat,6,frog
3494,0,airplane,9,truck
3495,2,bird,7,horse
3496,5,dog,1,automobile
3497,0,airplane,1,automobile
3498,4,deer,0,airplane
3500,1,automobile,9,truck
3501,9,truck,1,automobile
3506,2,bird,6,frog
3511,0,airplane,8,ship
3513,3,cat,6,frog
3514,2,bird,5,dog
3523,4,deer,6,frog
3524,5,dog,4,deer
3525,2,bird,6,frog
3531,8,ship,9,truck
3550,0,airplane,4,deer
3554,1,automobile,9,truck
3560,1,automobile,9,truck
3561,7,horse,5,dog
3570,3,cat,5,dog
3572,3,cat,6,frog
3574,5,dog,3,cat
3593,2,bird,8,ship
3594,3,cat,5,dog
3596,2,bird,6,frog
3600,4,deer,3,cat
3606,3,cat,8,ship
3607,3,cat,2,bird
3608,0,airplane,9,truck
3615,6,frog,2,bird
3618,4,deer,2,bird
3619,1,automobile,9,truck
3622,5,dog,3,cat
3624,2,bird,4,deer
3625,8,ship,0,airplane
3627,4,deer,3,cat
3635,4,deer,7,horse
3637,2,bird,6,frog
3645,1,automobile,9,truck
3653,8,ship,9,truck
3658,2,bird,4,deer
3668,2,bird,6,frog
3669,5,dog,6,frog
3682,3,cat,5,dog
3693,6,frog,8,ship
3696,4,deer,2,bird
3704,5,dog,4,deer
3708,4,deer,6,frog
3714,3,cat,5,dog
3715,1,automobile,9,truck
3716,3,cat,6,frog
3721,2,bird,0,airplane
3726,5,dog,3,cat
3728,2,bird,6,frog
3733,2,bird,5,dog
3734,7,horse,5,dog
3735,5,dog,3,cat
3741,2,bird,7,horse
3744,4,deer,7,horse
3752,3,cat,8,ship
3753,4,deer,6,frog
3755,9,truck,1,automobile
3762,1,automobile,9,truck
3765,0,airplane,8,ship
3771,2,bird,0,airplane
3773,2,bird,5,dog
3774,5,dog,3,cat
3779,3,cat,9,truck
3780,4,deer,6,frog
3781,2,bird,5,dog
3783,2,bird,3,cat
3785,6,frog,7,horse
3787,3,cat,6,frog
3789,9,truck,5,dog
3799,3,cat,7,horse
3801,2,bird,0,airplane
3806,5,dog,3,cat
3815,2,bird,7,horse
3816,2,bird,6,frog
3819,3,cat,5,dog
3821,8,ship,6,frog
3824,2,bird,3,cat
3827,4,deer,6,frog
3828,1,automobile,0,airplane
3835,3,cat,5,dog
3842,8,ship,9,truck
3849,5,dog,6,frog
3851,4,deer,6,frog
3852,2,bird,0,airplane
3863,2,bird,0,airplane
3864,3,cat,9,truck
3867,3,cat,5,dog
3868,5,dog,6,frog
3875,2,bird,7,horse
3878,5,dog,7,horse
3882,1,automobile,9,truck
3887,2,bird,4,deer
3892,5,dog,3,cat
3897,0,airplane,9,truck
3901,3,cat,1,automobile
3905,2,bird,4,deer
3906,3,cat,5,dog
3907,2,bird,7,horse
3920,7,horse,9,truck
3922,2,bird,9,truck
3923,3,cat,5,dog
3924,5,dog,4,deer
3928,3,cat,6,frog
3934,2,bird,6,frog
3935,4,deer,7,horse
3947,2,bird,4,deer
3956,3,cat,6,frog
3957,9,truck,0,airplane
3962,4,deer,7,horse
3966,4,deer,6,frog
3967,4,deer,6,frog
3977,3,cat,6,frog
3989,2,bird,6,frog
3995,7,horse,9,truck
3997,2,bird,4,deer
4000,8,ship,4,deer
4001,2,bird,6,frog
4003,2,bird,0,airplane
4012,3,cat,5,dog
4013,1,automobile,9,truck
4036,7,horse,0,airplane
4038,0,airplane,9,truck
4042,4,deer,7,horse
4044,6,frog,4,deer
4051,5,dog,9,truck
4054,7,horse,9,truck
4065,4,deer,6,frog
4071,3,cat,0,airplane
4074,2,bird,5,dog
4077,3,cat,5,dog
4085,8,ship,6,frog
4097,3,cat,6,frog
4106,3,cat,4,deer
4107,3,cat,7,horse
4108,2,bird,6,frog
4111,4,deer,9,truck
4112,4,deer,5,dog
4114,4,deer,6,frog
4116,2,bird,6,frog
4118,0,airplane,2,bird
4121,5,dog,7,horse
4124,8,ship,1,automobile
4125,8,ship,0,airplane
4139,5,dog,4,deer
4140,5,dog,3,cat
4147,3,cat,2,bird
4152,5,dog,1,automobile
4155,3,cat,6,frog
4163,2,bird,6,frog
4169,3,cat,5,dog
4170,1,automobile,9,truck
4174,2,bird,0,airplane
4187,0,airplane,4,deer
4190,3,cat,4,deer
4193,9,truck,0,airplane
4197,4,deer,6,frog
4198,8,ship,0,airplane
4203,2,bird,6,frog
4204,2,bird,6,frog
4209,4,deer,7,horse
4210,3,cat,5,dog
4223,8,ship,0,airplane
4244,2,bird,7,horse
4247,5,dog,7,horse
4248,3,cat,5,dog
4249,4,deer,6,frog
4250,1,automobile,9,truck
4264,2,bird,4,deer
4266,3,cat,6,frog
4282,3,cat,7,horse
4287,0,airplane,3,cat
4289,7,horse,9,truck
4299,2,bird,4,deer
4302,2,bird,5,dog
4304,6,frog,9,truck
4306,3,cat,8,ship
4309,7,horse,4,deer
4312,5,dog,2,bird
4313,0,airplane,4,deer
4319,2,bird,6,frog
4322,4,deer,7,horse
4331,2,bird,6,frog
4334,3,cat,5,dog
4343,5,dog,7,horse
4347,8,ship,0,airplane
4352,3,cat,5,dog
4355,0,airplane,3,cat
4357,4,deer,6,frog
4366,2,bird,6,frog
4368,4,deer,6,frog
4369,2,bird,7,horse
4375,3,cat,4,deer
4376,7,horse,6,frog
4377,4,deer,6,frog
4383,4,deer,7,horse
4391,3,cat,9,truck
4393,3,cat,9,truck
4398,4,deer,7,horse
4404,3,cat,4,deer
4409,8,ship,1,automobile
4411,5,dog,4,deer
4423,6,frog,5,dog
4442,3,cat,9,truck
4446,0,airplane,9,truck
4447,0,airplane,8,ship
4448,4,deer,6,frog
4457,3,cat,6,frog
4462,2,bird,5,dog
4470,0,airplane,9,truck
4474,0,airplane,8,ship
4485,3,cat,7,horse
4487,3,cat,6,frog
4490,0,airplane,9,truck
4493,4,deer,6,frog
4495,3,cat,5,dog
4499,3,cat,9,truck
4500,3,cat,5,dog
4503,7,horse,4,deer
4504,0,airplane,2,bird
4508,9,truck,8,ship
4512,8,ship,0,airplane
4513,4,deer,3,cat
4526,3,cat,6,frog
4528,5,dog,4,deer
4530,5,dog,8,ship
4535,2,bird,6,frog
4537,3,cat,6,frog
4542,3,cat,4,deer
4545,3,cat,4,deer
4546,2,bird,0,airplane
4547,3,cat,6,frog
4554,4,deer,7,horse
4555,5,dog,9,truck
4556,2,bird,8,ship
4559,3,cat,4,deer
4561,3,cat,5,dog
4562,4,deer,7,horse
4565,2,bird,4,deer
4571,4,deer,6,frog
4572,2,bird,4,deer
4574,3,cat,6,frog
4581,3,cat,2,bird
4582,8,ship,0,airplane
4590,9,truck,0,airplane
4599,8,ship,1,automobile
4606,0,airplane,9,truck
4614,3,cat,4,deer
4615,5,dog,4,deer
4616,4,deer,7,horse
4617,3,cat,5,dog
4618,3,cat,6,frog
4624,5,dog,6,frog
4626,5,dog,7,horse
4628,5,dog,7,horse
4630,2,bird,4,deer
4632,5,dog,4,deer
4634,7,horse,5,dog
4639,0,airplane,9,truck
4642,2,bird,4,deer
4645,4,deer,6,frog
4646,2,bird,5,dog
4652,3,cat,9,truck
4659,4,deer,6,frog
4660,7,horse,3,cat
4661,4,deer,3,cat
4682,3,cat,0,airplane
4691,2,bird,6,frog
4696,5,dog,6,frog
4697,5,dog,3,cat
4705,3,cat,4,deer
4709,8,ship,9,truck
4710,3,cat,9,truck
4712,4,deer,6,frog
4718,3,cat,5,dog
4729,2,bird,5,dog
4730,2,bird,6,frog
4732,2,bird,6,frog
4735,8,ship,9,truck
4740,5,dog,2,bird
4744,6,frog,0,airplane
4745,7,horse,9,truck
4748,0,airplane,9,truck
4749,2,bird,3,cat
4750,7,horse,9,truck
4753,2,bird,0,airplane
4754,3,cat,8,ship
4757,4,deer,7,horse
4780,0,airplane,8,ship
4784,0,airplane,8,ship
4786,6,frog,8,ship
4794,4,deer,6,frog
4795,5,dog,3,cat
4801,2,bird,7,horse
4812,8,ship,0,airplane
4818,3,cat,9,truck
4823,5,dog,9,truck
4825,7,horse,5,dog
4826,3,cat,6,frog
4833,2,bird,6,frog
4842,2,bird,0,airplane
4850,1,automobile,9,truck
4861,0,airplane,1,automobile
4865,8,ship,9,truck
4870,8,ship,9,truck
4873,2,bird,3,cat
4878,7,horse,6,frog
4880,0,airplane,7,horse
4892,7,horse,4,deer
4897,1,automobile,9,truck
4899,2,bird,0,airplane
4906,5,dog,3,cat
4910,8,ship,9,truck
4917,5,dog,7,horse
4921,5,dog,9,truck
4924,7,horse,9,truck
4926,7,horse,9,truck
4938,3,cat,9,truck
4942,5,dog,0,airplane
4947,5,dog,6,frog
4951,7,horse,6,frog
4955,2,bird,0,airplane
4962,3,cat,1,automobile
4964,5,dog,4,deer
4965,3,cat,4,deer
4967,7,horse,6,frog
4970,2,bird,3,cat
4973,1,automobile,9,truck
4982,3,cat,5,dog
4985,4,deer,7,horse
4986,8,ship,9,truck
4990,7,horse,5,dog
4995,2,bird,7,horse
4996,3,cat,5,dog
5002,8,ship,0,airplane
5003,4,deer,6,frog
5006,7,horse,2,bird
5011,3,cat,6,frog
5017,7,horse,9,truck
5018,4,deer,7,horse
5023,2,bird,9,truck
5029,3,cat,6,frog
5030,4,deer,0,airplane
5037,0,airplane,1,automobile
5046,5,dog,2,bird
5048,1,automobile,9,truck
5056,1,automobile,9,truck
5057,2,bird,6,frog
5067,9,truck,1,automobile
5068,4,deer,3,cat
5071,1,automobile,9,truck
5077,0,airplane,2,bird
5088,8,ship,9,truck
5098,5,dog,2,bird
5102,5,dog,6,frog
5103,7,horse,9,truck
5106,6,frog,5,dog
5119,5,dog,0,airplane
5129,2,bird,6,frog
5134,5,dog,6,frog
5141,6,frog,9,truck
5144,0,airplane,9,truck
5147,3,cat,1,automobile
5154,2,bird,4,deer
5156,5,dog,8,ship
5163,5,dog,3,cat
5172,4,deer,6,frog
5176,3,cat,9,truck
5179,5,dog,3,cat
5182,1,automobile,9,truck
5183,4,deer,3,cat
5184,4,deer,6,frog
5185,3,cat,9,truck
5193,4,deer,6,frog
5194,7,horse,4,deer
5195,4,deer,7,horse
5197,8,ship,5,dog
5198,3,cat,8,ship
5200,3,cat,5,dog
5206,3,cat,5,dog
5207,8,ship,1,automobile
5211,7,horse,4,deer
5212,5,dog,9,truck
5213,3,cat,9,truck
5215,2,bird,6,frog
5218,3,cat,5,dog
5221,7,horse,9,truck
5224,0,airplane,3,cat
5227,4,deer,6,frog
5232,3,cat,9,truck
5233,1,automobile,9,truck
5237,4,deer,6,frog
5238,2,bird,0,airplane
5241,4,deer,6,frog
5246,7,horse,5,dog
5258,2,bird,6,frog
5261,2,bird,9,truck
5269,5,dog,6,frog
5272,3,cat,9,truck
5273,7,horse,9,truck
5274,2,bird,4,deer
5279,0,airplane,9,truck
5281,3,cat,6,frog
5287,7,horse,3,cat
5289,4,deer,2,bird
5290,3,cat,5,dog
5292,4,deer,7,horse
5298,5,dog,3,cat
5306,3,cat,6,frog
5310,0,airplane,2,bird
5311,9,truck,1,automobile
5320,7,horse,3,cat
5324,2,bird,9,truck
5327,0,airplane,8,ship
5330,7,horse,6,frog
5335,9,truck,1,automobile
5338,8,ship,1,automobile
5340,3,cat,4,deer
5342,8,ship,0,airplane
5344,2,bird,6,frog
5350,9,truck,1,automobile
5366,1,automobile,8,ship
5367,0,airplane,4,deer
5372,5,dog,8,ship
5373,2,bird,1,automobile
5376,5,dog,8,ship
5377,5,dog,6,frog
5385,2,bird,5,dog
5387,3,cat,6,frog
5392,0,airplane,9,truck
5401,2,bird,0,airplane
5404,2,bird,4,deer
5405,2,bird,0,airplane
5407,4,deer,7,horse
5410,3,cat,7,horse
5411,2,bird,6,frog
5413,3,cat,5,dog
5416,9,truck,1,automobile
5417,4,deer,3,cat
5419,2,bird,6,frog
5424,3,cat,6,frog
5426,5,dog,3,cat
5433,3,cat,2,bird
5441,5,dog,3,cat
5446,6,frog,9,truck
5450,5,dog,3,cat
5453,2,bird,9,truck
5454,0,airplane,2,bird
5455,9,truck,1,automobile
5458,3,cat,6,frog
5459,5,dog,6,frog
5467,5,dog,9,truck
5477,2,bird,4,deer
5487,6,frog,4,deer
5490,3,cat,5,dog
5493,3,cat,6,frog
5496,4,deer,6,frog
5506,3,cat,6,frog
5511,3,cat,6,frog
5520,4,deer,6,frog
5525,3,cat,7,horse
5529,3,cat,8,ship
5530,3,cat,9,truck
5532,3,cat,6,frog
5533,2,bird,0,airplane
5537,2,bird,5,dog
5547,2,bird,9,truck
5548,8,ship,0,airplane
5549,5,dog,2,bird
5552,5,dog,3,cat
5555,4,deer,6,frog
5559,3,cat,2,bird
5560,3,cat,6,frog
5569,0,airplane,1,automobile
5582,4,deer,2,bird
5591,5,dog,3,cat
5597,3,cat,8,ship
5603,5,dog,4,deer
5607,6,frog,9,truck
5609,5,dog,0,airplane
5611,5,dog,2,bird
5620,3,cat,5,dog
5621,8,ship,9,truck
5628,8,ship,1,automobile
5632,3,cat,9,truck
5634,4,deer,7,horse
5638,4,deer,6,frog
5640,2,bird,3,cat
5642,5,dog,7,horse
5646,4,deer,8,ship
5654,4,deer,7,horse
5656,3,cat,9,truck
5659,2,bird,6,frog
5665,2,bird,0,airplane
5669,0,airplane,1,automobile
5678,1,automobile,9,truck
5687,2,bird,0,airplane
5703,0,airplane,1,automobile
5705,2,bird,3,cat
5708,2,bird,5,dog
5714,2,bird,6,frog
5717,6,frog,3,cat
5719,2,bird,5,dog
5730,5,dog,4,deer
5732,3,cat,9,truck
5738,2,bird,6,frog
5739,2,bird,6,frog
5747,8,ship,0,airplane
5749,5,dog,3,cat
5754,3,cat,5,dog
5755,4,deer,6,frog
5760,2,bird,6,frog
5769,3,cat,6,frog
5781,0,airplane,9,truck
5782,7,horse,9,truck
5787,0,airplane,9,truck
5789,2,bird,5,dog
5792,2,bird,6,frog
5797,5,dog,6,frog
5800,2,bird,6,frog
5804,0,airplane,9,truck
5809,0,airplane,3,cat
5812,4,deer,6,frog
5814,8,ship,0,airplane
5815,3,cat,5,dog
5817,3,cat,4,deer
5819,2,bird,0,airplane
5822,3,cat,6,frog
5824,7,horse,9,truck
5830,5,dog,6,frog
5831,6,frog,9,truck
5833,3,cat,4,deer
5835,3,cat,8,ship
5839,2,bird,9,truck
5856,3,cat,5,dog
5862,2,bird,5,dog
5871,6,frog,2,bird
5872,7,horse,4,deer
5874,3,cat,6,frog
5881,3,cat,5,dog
5882,1,automobile,9,truck
5886,2,bird,6,frog
5888,4,deer,3,cat
5896,8,ship,9,truck
5900,4,deer,2,bird
5901,5,dog,6,frog
5903,4,deer,0,airplane
5905,1,automobile,9,truck
5908,3,cat,6,frog
5910,2,bird,6,frog
5917,3,cat,4,deer
5923,0,airplane,1,automobile
5924,4,deer,2,bird
5925,3,cat,5,dog
5926,4,deer,0,airplane
5930,5,dog,7,horse
5932,4,deer,6,frog
5940,7,horse,6,frog
5943,3,cat,5,dog
5944,2,bird,6,frog
5959,4,deer,8,ship
5960,2,bird,6,frog
5962,6,frog,9,truck
5972,8,ship,1,automobile
5991,3,cat,5,dog
5992,4,deer,7,horse
5999,2,bird,6,frog
6000,8,ship,9,truck
6001,0,airplane,9,truck
6008,3,cat,2,bird
6009,3,cat,4,deer
6014,5,dog,3,cat
6016,4,deer,6,frog
6023,5,dog,3,cat
6028,8,ship,0,airplane
6035,5,dog,3,cat
6038,4,deer,6,frog
6040,2,bird,7,horse
6041,7,horse,8,ship
6053,4,deer,6,frog
6065,5,dog,4,deer
6066,2,bird,6,frog
6067,8,ship,2,bird
6068,5,dog,3,cat
6070,8,ship,9,truck
6077,0,airplane,8,ship
6083,2,bird,9,truck
6085,2,bird,6,frog
6093,2,bird,6,frog
6102,3,cat,8,ship
6111,3,cat,0,airplane
6113,2,bird,8,ship
6116,5,dog,6,frog
6124,8,ship,0,airplane
6127,5,dog,2,bird
6134,3,cat,9,truck
6137,2,bird,7,horse
6138,3,cat,0,airplane
6142,5,dog,9,truck
6145,2,bird,3,cat
6146,0,airplane,9,truck
6151,7,horse,4,deer
6154,4,deer,0,airplane
6160,2,bird,0,airplane
6161,4,deer,6,frog
6163,3,cat,6,frog
6165,5,dog,9,truck
6174,3,cat,7,horse
6178,5,dog,6,frog
6190,4,deer,6,frog
6191,0,airplane,9,truck
6202,3,cat,6,frog
6206,5,dog,3,cat
6210,4,deer,9,truck
6213,3,cat,6,frog
6214,5,dog,6,frog
6228,4,deer,7,horse
6232,2,bird,1,automobile
6235,6,frog,3,cat
6237,3,cat,5,dog
6242,4,deer,0,airplane
6243,4,deer,6,frog
6248,2,bird,0,airplane
6251,1,automobile,9,truck
6253,5,dog,4,deer
6257,5,dog,7,horse
6260,2,bird,0,airplane
6270,2,bird,6,frog
6277,2,bird,4,deer
6278,5,dog,6,frog
6280,8,ship,7,horse
6298,3,cat,4,deer
6299,3,cat,6,frog
6301,1,automobile,9,truck
6305,6,frog,3,cat
6307,4,deer,7,horse
6311,3,cat,8,ship
6322,4,deer,7,horse
6326,7,horse,9,truck
6328,0,airplane,8,ship
6332,5,dog,9,truck
6345,3,cat,6,frog
6352,2,bird,6,frog
6353,2,bird,5,dog
6354,7,horse,9,truck
6364,3,cat,8,ship
6373,6,frog,9,truck
6375,3,cat,4,deer
6380,3,cat,9,truck
6381,9,truck,1,automobile
6383,3,cat,6,frog
6386,5,dog,4,deer
6387,2,bird,4,deer
6388,7,horse,5,dog
6393,3,cat,2,bird
6396,4,deer,6,frog
6400,0,airplane,1,automobile
6405,1,automobile,9,truck
6406,3,cat,9,truck
6412,8,ship,9,truck
6419,9,truck,1,automobile
6420,7,horse,9,truck
6423,5,dog,4,deer
6424,8,ship,0,airplane
6428,5,dog,6,frog
6439,3,cat,4,deer
6440,3,cat,4,deer
6441,5,dog,6,frog
6444,3,cat,5,dog
6452,4,deer,6,frog
6461,4,deer,6,frog
6467,3,cat,6,frog
6473,9,truck,7,horse
6477,4,deer,7,horse
6480,0,airplane,4,deer
6481,0,airplane,1,automobile
6486,8,ship,9,truck
6491,0,airplane,9,truck
6497,4,deer,7,horse
6498,4,deer,6,frog
6500,7,horse,6,frog
6510,4,deer,9,truck
6513,5,dog,7,horse
6514,3,cat,4,deer
6515,2,bird,6,frog
6516,2,bird,5,dog
6517,7,horse,5,dog
6519,2,bird,4,deer
6524,8,ship,0,airplane
6525,3,cat,5,dog
6530,3,cat,6,frog
6533,2,bird,9,truck
6538,3,cat,4,deer
6542,9,truck,0,airplane
6543,6,frog,9,truck
6545,9,truck,8,ship
6559,2,bird,4,deer
6563,6,frog,9,truck
6566,1,automobile,9,truck
6569,8,ship,9,truck
6580,1,automobile,0,airplane
6581,1,automobile,9,truck
6584,5,dog,6,frog
6587,3,cat,5,dog
6588,0,airplane,8,ship
6590,5,dog,7,horse
6593,2,bird,0,airplane
6594,8,ship,0,airplane
6596,3,cat,2,bird
6599,2,bird,6,frog
6602,8,ship,9,truck
6619,0,airplane,1,automobile
6627,5,dog,3,cat
6640,5,dog,3,cat
6646,5,dog,4,deer
6652,2,bird,4,deer
6653,0,airplane,7,horse
6656,6,frog,3,cat
6666,2,bird,4,deer
6669,5,dog,4,deer
6671,5,dog,3,cat
6673,4,deer,6,frog
6675,2,bird,0,airplane
6679,2,bird,4,deer
6685,1,automobile,9,truck
6687,3,cat,6,frog
6697,2,bird,4,deer
6703,2,bird,4,deer
6705,3,cat,4,deer
6710,3,cat,9,truck
6720,2,bird,6,frog
6721,7,horse,2,bird
6723,5,dog,7,horse
6729,0,airplane,9,truck
6732,3,cat,4,deer
6746,2,bird,5,dog
6748,0,airplane,2,bird
6753,4,deer,0,airplane
6759,1,automobile,9,truck
6761,5,dog,7,horse
6764,5,dog,9,truck
6768,2,bird,6,frog
6772,0,airplane,9,truck
6773,2,bird,6,frog
6774,3,cat,7,horse
6778,2,bird,6,frog
6781,3,cat,6,frog
6783,3,cat,6,frog
6786,3,cat,9,truck
6790,7,horse,6,frog
6792,3,cat,4,deer
6795,9,truck,1,automobile
6814,9,truck,1,automobile
6819,2,bird,6,frog
6833,3,cat,6,frog
6839,8,ship,9,truck
6842,3,cat,8,ship
6845,2,bird,6,frog
6851,0,airplane,8,ship
6853,4,deer,7,horse
6854,0,airplane,1,automobile
6855,4,deer,6,frog
6859,3,cat,1,automobile
6861,8,ship,0,airplane
6868,9,truck,1,automobile
6869,5,dog,4,deer
6876,7,horse,9,truck
6887,4,deer,3,cat
6895,2,bird,0,airplane
6898,3,cat,5,dog
6900,3,cat,5,dog
6901,2,bird,9,truck
6912,3,cat,9,truck
6913,3,cat,6,frog
6920,5,dog,4,deer
6922,2,bird,9,truck
6930,2,bird,0,airplane
6942,3,cat,2,bird
6952,8,ship,0,airplane
6953,0,airplane,9,truck
6958,7,horse,0,airplane
6959,5,dog,2,bird
6962,7,horse,4,deer
6966,0,airplane,2,bird
6969,2,bird,3,cat
6973,3,cat,5,dog
6975,8,ship,1,automobile
6976,3,cat,0,airplane
6979,5,dog,4,deer
6980,0,airplane,8,ship
6981,2,bird,6,frog
6985,0,airplane,9,truck
6986,5,dog,6,frog
6994,3,cat,4,deer
6997,8,ship,3,cat
7002,3,cat,6,frog
7004,3,cat,5,dog
7005,1,automobile,9,truck
7015,3,cat,5,dog
7016,3,cat,6,frog
7021,1,automobile,9,truck
7026,3,cat,4,deer
7032,4,deer,6,frog
7035,1,automobile,9,truck
7040,7,horse,0,airplane
7041,4,deer,0,airplane
7059,4,deer,6,frog
7061,4,deer,6,frog
7062,4,deer,6,frog
7068,2,bird,0,airplane
7099,3,cat,5,dog
7104,2,bird,5,dog
7107,2,bird,6,frog
7112,2,bird,0,airplane
7117,6,frog,9,truck
7119,5,dog,9,truck
7126,0,airplane,8,ship
7127,5,dog,9,truck
7128,7,horse,5,dog
7129,1,automobile,9,truck
7145,3,cat,5,dog
7147,5,dog,7,horse
7150,3,cat,8,ship
7161,5,dog,6,frog
7172,4,deer,6,frog
7174,3,cat,6,frog
7177,2,bird,7,horse
7182,0,airplane,8,ship
7183,6,frog,5,dog
7184,5,dog,6,frog
7186,2,bird,1,automobile
7188,4,deer,7,horse
7202,3,cat,5,dog
7211,3,cat,9,truck
7214,3,cat,5,dog
7217,8,ship,1,automobile
7224,3,cat,0,airplane
7228,3,cat,1,automobile
7229,2,bird,5,dog
7230,2,bird,3,cat
7236,1,automobile,9,truck
7242,7,horse,6,frog
7246,0,airplane,2,bird
7257,0,airplane,4,deer
7266,2,bird,4,deer
7267,5,dog,6,frog
7274,1,automobile,9,truck
7283,3,cat,4,deer
7285,1,automobile,9,truck
7294,5,dog,7,horse
7310,3,cat,9,truck
7311,1,automobile,9,truck
7314,3,cat,6,frog
7318,4,deer,6,frog
7320,8,ship,0,airplane
7321,2,bird,0,airplane
7323,3,cat,4,deer
7344,4,deer,6,frog
7351,2,bird,4,deer
7356,0,airplane,2,bird
7360,2,bird,5,dog
7367,3,cat,5,dog
7370,3,cat,8,ship
7375,2,bird,7,horse
7378,3,cat,5,dog
7383,4,deer,7,horse
7384,3,cat,5,dog
7390,6,frog,8,ship
7393,5,dog,4,deer
7395,2,bird,3,cat
7397,4,deer,6,frog
7398,5,dog,3,cat
7399,3,cat,9,truck
7400,3,cat,5,dog
7403,4,deer,6,frog
7404,8,ship,0,airplane
7406,7,horse,8,ship
7408,4,deer,6,frog
7410,4,deer,6,frog
7413,1,automobile,9,truck
7414,8,ship,0,airplane
7416,1,automobile,9,truck
7417,3,cat,6,frog
7419,0,airplane,6,frog
7420,3,cat,4,deer
7422,4,deer,9,truck
7427,2,bird,4,deer
7429,5,dog,7,horse
7430,2,bird,6,frog
7435,7,horse,1,automobile
7437,3,cat,5,dog
7439,5,dog,3,cat
7443,7,horse,6,frog
7446,5,dog,9,truck
7447,8,ship,0,airplane
7449,0,airplane,6,frog
7453,0,airplane,1,automobile
7455,1,automobile,9,truck
7457,2,bird,6,frog
7458,2,bird,5,dog
7475,3,cat,5,dog
7476,5,dog,6,frog
7496,3,cat,4,deer
7502,8,ship,1,automobile
7509,3,cat,5,dog
7513,0,airplane,7,horse
7515,8,ship,9,truck
7519,2,bird,8,ship
7520,4,deer,6,frog
7524,3,cat,9,truck
7539,5,dog,6,frog
7549,3,cat,5,dog
7554,7,horse,4,deer
7556,2,bird,0,airplane
7557,5,dog,6,frog
7558,2,bird,7,horse
7559,8,ship,1,automobile
7561,2,bird,7,horse
7562,2,bird,4,deer
7571,4,deer,6,frog
7573,1,automobile,9,truck
7579,3,cat,5,dog
7580,8,ship,0,airplane
7586,2,bird,9,truck
7588,2,bird,5,dog
7590,2,bird,4,deer
7598,3,cat,5,dog
7600,8,ship,9,truck
7605,2,bird,6,frog
7609,0,airplane,9,truck
7611,7,horse,4,deer
7615,5,dog,6,frog
7617,2,bird,0,airplane
7619,5,dog,3,cat
7620,5,dog,9,truck
7624,2,bird,4,deer
7628,4,deer,3,cat
7632,0,airplane,9,truck
7638,1,automobile,6,frog
7641,7,horse,6,frog
7644,3,cat,5,dog
7648,0,airplane,9,truck
7657,2,bird,7,horse
7662,5,dog,6,frog
7666,2,bird,7,horse
7669,7,horse,4,deer
7670,2,bird,6,frog
7674,1,automobile,9,truck
7680,3,cat,5,dog
7685,9,truck,1,automobile
7697,5,dog,7,horse
7706,8,ship,9,truck
7708,2,bird,4,deer
7709,3,cat,6,frog
7711,6,frog,4,deer
7716,5,dog,7,horse
7717,3,cat,7,horse
7722,7,horse,6,frog
7723,3,cat,6,frog
7736,3,cat,5,dog
7741,5,dog,9,truck
7744,4,deer,7,horse
7750,3,cat,4,deer
7760,2,bird,9,truck
7761,2,bird,3,cat
7763,4,deer,3,cat
7771,2,bird,0,airplane
7773,4,deer,9,truck
7779,5,dog,3,cat
7780,3,cat,9,truck
7784,7,horse,4,deer
7785,4,deer,2,bird
7787,5,dog,7,horse
7790,8,ship,0,airplane
7792,9,truck,1,automobile
7794,5,dog,4,deer
7795,5,dog,4,deer
7797,3,cat,6,frog
7798,5,dog,9,truck
7813,3,cat,0,airplane
7815,0,airplane,1,automobile
7816,0,airplane,7,horse
7822,2,bird,4,deer
7824,9,truck,1,automobile
7827,3,cat,5,dog
7830,2,bird,6,frog
7831,2,bird,4,deer
7833,8,ship,0,airplane
7834,5,dog,4,deer
7839,3,cat,4,deer
7842,5,dog,4,deer
7852,5,dog,7,horse
7855,2,bird,5,dog
7857,4,deer,6,frog
7858,2,bird,5,dog
7861,0,airplane,9,truck
7867,4,deer,6,frog
7875,2,bird,5,dog
7877,0,airplane,1,automobile
7881,3,cat,4,deer
7892,1,automobile,9,truck
7893,1,automobile,8,ship
7897,2,bird,0,airplane
7906,2,bird,4,deer
7909,1,automobile,9,truck
7912,0,airplane,7,horse
7918,4,deer,5,dog
7921,4,deer,7,horse
7924,3,cat,5,dog
7927,7,horse,6,frog
7930,2,bird,0,airplane
7935,7,horse,4,deer
7938,2,bird,9,truck
7940,2,bird,6,frog
7941,5,dog,6,frog
7947,2,bird,6,frog
7952,3,cat,4,deer
7956,4,deer,9,truck
7958,5,dog,6,frog
7959,5,dog,0,airplane
7961,3,cat,4,deer
7962,3,cat,9,truck
7969,6,frog,1,automobile
7978,4,deer,6,frog
7979,3,cat,5,dog
7983,6,frog,8,ship
7989,7,horse,3,cat
7993,2,bird,0,airplane
8003,4,deer,9,truck
8009,5,dog,6,frog
8012,3,cat,6,frog
8015,8,ship,0,airplane
8023,3,cat,5,dog
8027,4,deer,7,horse
8033,3,cat,5,dog
8041,8,ship,3,cat
8046,8,ship,0,airplane
8058,4,deer,7,horse
8077,3,cat,5,dog
8078,7,horse,3,cat
8079,5,dog,8,ship
8080,4,deer,6,frog
8084,5,dog,3,cat
8086,4,deer,9,truck
8087,2,bird,5,dog
8098,1,automobile,9,truck
8109,2,bird,6,frog
8110,5,dog,6,frog
8111,5,dog,6,frog
8112,3,cat,6,frog
8115,5,dog,7,horse
8128,7,horse,4,deer
8131,3,cat,6,frog
8147,5,dog,3,cat
8153,4,deer,6,frog
8166,2,bird,6,frog
8169,3,cat,4,deer
8173,5,dog,3,cat
8177,8,ship,9,truck
8178,9,truck,1,automobile
8190,4,deer,6,frog
8196,3,cat,9,truck
8199,4,deer,9,truck
8201,3,cat,9,truck
8202,5,dog,6,frog
8209,2,bird,4,deer
8212,5,dog,0,airplane
8218,9,truck,6,frog
8219,3,cat,9,truck
8224,3,cat,6,frog
8226,8,ship,9,truck
8227,7,horse,9,truck
8231,3,cat,9,truck
8233,4,deer,6,frog
8234,8,ship,1,automobile
8236,5,dog,6,frog
8252,2,bird,6,frog
8268,5,dog,6,frog
8269,8,ship,6,frog
8274,6,frog,9,truck
8275,3,cat,7,horse
8276,9,truck,0,airplane
8281,3,cat,5,dog
8286,7,horse,2,bird
8289,5,dog,7,horse
8296,5,dog,3,cat
8298,3,cat,5,dog
8300,5,dog,6,frog
8301,5,dog,6,frog
8304,1,automobile,9,truck
8308,2,bird,7,horse
8309,4,deer,6,frog
8314,6,frog,9,truck
8316,5,dog,6,frog
8317,5,dog,3,cat
8318,2,bird,5,dog
8320,7,horse,9,truck
8321,4,deer,6,frog
8322,4,deer,6,frog
8324,3,cat,5,dog
8325,8,ship,0,airplane
8326,3,cat,6,frog
8331,3,cat,6,frog
8336,3,cat,5,dog
8346,6,frog,5,dog
8351,0,airplane,2,bird
8352,5,dog,9,truck
8357,0,airplane,8,ship
8362,3,cat,7,horse
8363,2,bird,9,truck
8364,7,horse,9,truck
8370,4,deer,6,frog
8374,4,deer,6,frog
8378,5,dog,6,frog
8384,2,bird,5,dog
8385,9,truck,1,automobile
8386,3,cat,4,deer
8388,1,automobile,9,truck
8394,7,horse,9,truck
8398,4,deer,6,frog
8400,0,airplane,9,truck
8404,2,bird,4,deer
8405,0,airplane,2,bird
8410,5,dog,3,cat
8412,2,bird,6,frog
8420,3,cat,6,frog
8422,2,bird,3,cat
8424,5,dog,3,cat
8428,5,dog,6,frog
8443,2,bird,7,horse
8448,4,deer,3,cat
8451,5,dog,4,deer
8454,2,bird,7,horse
8457,2,bird,4,deer
8465,9,truck,1,automobile
8469,5,dog,9,truck
8476,0,airplane,6,frog
8480,2,bird,9,truck
8484,3,cat,9,truck
8487,4,deer,6,frog
8490,3,cat,6,frog
8491,3,cat,4,deer
8492,0,airplane,9,truck
8507,8,ship,0,airplane
8511,2,bird,6,frog
8514,7,horse,4,deer
8521,9,truck,8,ship
8526,3,cat,5,dog
8532,3,cat,1,automobile
8536,1,automobile,0,airplane
8542,2,bird,6,frog
8545,6,frog,3,cat
8548,3,cat,6,frog
8552,6,frog,9,truck
8553,7,horse,5,dog
8557,3,cat,6,frog
8558,2,bird,0,airplane
8562,2,bird,6,frog
8563,0,airplane,7,horse
8573,6,frog,0,airplane
8576,2,bird,0,airplane
8577,3,cat,6,frog
8578,2,bird,5,dog
8580,3,cat,5,dog
8586,6,frog,4,deer
8598,3,cat,6,frog
8601,3,cat,6,frog
8606,1,automobile,9,truck
8616,3,cat,6,frog
8617,3,cat,6,frog
8618,5,dog,6,frog
8620,3,cat,6,frog
8624,9,truck,7,horse
8629,7,horse,9,truck
8631,2,bird,4,deer
8632,3,cat,6,frog
8633,3,cat,2,bird
8642,3,cat,6,frog
8644,8,ship,9,truck
8646,2,bird,6,frog
8650,2,bird,5,dog
8651,4,deer,2,bird
8654,2,bird,5,dog
8661,2,bird,0,airplane
8663,1,automobile,9,truck
8666,0,airplane,8,ship
8672,7,horse,6,frog
8680,3,cat,6,frog
8681,2,bird,6,frog
8691,6,frog,4,deer
8699,4,deer,6,frog
8700,3,cat,5,dog
8720,2,bird,0,airplane
8723,5,dog,7,horse
8728,6,frog,5,dog
8730,2,bird,4,deer
8740,2,bird,5,dog
8743,0,airplane,1,automobile
8746,3,cat,5,dog
8749,5,dog,9,truck
8752,5,dog,3,cat
8753,4,deer,7,horse
8756,2,bird,9,truck
8757,8,ship,6,frog
8758,9,truck,7,horse
8761,0,airplane,4,deer
8765,2,bird,4,deer
8774,3,cat,6,frog
8786,3,cat,6,frog
8790,0,airplane,9,truck
8794,5,dog,3,cat
8801,4,deer,7,horse
8803,3,cat,5,dog
8804,6,frog,0,airplane
8815,3,cat,1,automobile
8817,4,deer,9,truck
8825,0,airplane,1,automobile
8827,2,bird,7,horse
8840,2,bird,9,truck
8842,4,deer,6,frog
8847,5,dog,4,deer
8848,3,cat,7,horse
8861,4,deer,6,frog
8863,5,dog,4,deer
8868,4,deer,6,frog
8869,5,dog,6,frog
8874,7,horse,6,frog
8876,0,airplane,9,truck
8877,9,truck,1,automobile
8882,3,cat,9,truck
8884,0,airplane,7,horse
8901,5,dog,7,horse
8917,0,airplane,1,automobile
8919,7,horse,4,deer
8924,2,bird,5,dog
8925,0,airplane,8,ship
8932,6,frog,2,bird
8940,6,frog,7,horse
8943,7,horse,4,deer
8944,4,deer,7,horse
8952,3,cat,5,dog
8954,2,bird,6,frog
8956,2,bird,9,truck
8966,3,cat,6,frog
8967,2,bird,5,dog
8976,7,horse,9,truck
8977,0,airplane,8,ship
8981,7,horse,4,deer
8983,3,cat,4,deer
8985,9,truck,0,airplane
8993,0,airplane,9,truck
8996,3,cat,7,horse
8999,3,cat,8,ship
9003,3,cat,4,deer
9009,2,bird,6,frog
9011,2,bird,6,frog
9022,3,cat,6,frog
9029,4,deer,7,horse
9034,2,bird,6,frog
9035,4,deer,7,horse
9036,4,deer,7,horse
9038,2,bird,6,frog
9039,2,bird,6,frog
9040,2,bird,5,dog
9043,3,cat,8,ship
9046,0,airplane,9,truck
9048,0,airplane,9,truck
9053,5,dog,7,horse
9059,2,bird,5,dog
9065,0,airplane,4,deer
9067,9,truck,1,automobile
9073,4,deer,6,frog
9080,3,cat,5,dog
9082,2,bird,6,frog
9088,2,bird,6,frog
9090,2,bird,6,frog
9093,3,cat,5,dog
9094,2,bird,6,frog
9095,5,dog,6,frog
9105,8,ship,9,truck
9107,5,dog,4,deer
9120,3,cat,4,deer
9121,3,cat,5,dog
9131,3,cat,8,ship
9132,2,bird,6,frog
9137,2,bird,6,frog
9139,4,deer,6,frog
9143,9,truck,0,airplane
9148,3,cat,5,dog
9170,0,airplane,9,truck
9176,8,ship,6,frog
9190,3,cat,5,dog
9213,2,bird,7,horse
9218,3,cat,4,deer
9220,8,ship,0,airplane
9223,1,automobile,9,truck
9225,5,dog,9,truck
9227,1,automobile,9,truck
9230,2,bird,0,airplane
9231,7,horse,4,deer
9237,7,horse,3,cat
9246,3,cat,0,airplane
9252,7,horse,6,frog
9253,2,bird,9,truck
9254,7,horse,5,dog
9262,0,airplane,6,frog
9267,2,bird,6,frog
9269,5,dog,3,cat
9281,3,cat,9,truck
9291,8,ship,2,bird
9292,3,cat,7,horse
9298,1,automobile,9,truck
9300,5,dog,4,deer
9301,7,horse,5,dog
9302,3,cat,9,truck
9303,9,truck,1,automobile
9305,5,dog,4,deer
9316,3,cat,6,frog
9319,3,cat,5,dog
9327,2,bird,6,frog
9336,3,cat,5,dog
9338,3,cat,6,frog
9341,2,bird,1,automobile
9344,2,bird,5,dog
9346,7,horse,6,frog
9353,5,dog,0,airplane
9361,8,ship,1,automobile
9363,5,dog,3,cat
9369,5,dog,4,deer
9375,3,cat,4,deer
9384,4,deer,7,horse
9385,7,horse,1,automobile
9386,4,deer,2,bird
9397,2,bird,4,deer
9398,8,ship,1,automobile
9404,3,cat,8,ship
9414,5,dog,3,cat
9418,8,ship,9,truck
9419,2,bird,5,dog
9422,3,cat,6,frog
9426,2,bird,6,frog
9428,7,horse,3,cat
9429,4,deer,7,horse
9431,3,cat,5,dog
9435,2,bird,6,frog
9448,3,cat,7,horse
9449,9,truck,1,automobile
9452,2,bird,4,deer
9454,3,cat,6,frog
9457,1,automobile,9,truck
9461,4,deer,6,frog
9462,2,bird,0,airplane
9465,5,dog,7,horse
9467,2,bird,7,horse
9475,2,bird,6,frog
9484,0,airplane,9,truck
9490,8,ship,9,truck
9491,8,ship,4,deer
9497,3,cat,6,frog
9498,3,cat,6,frog
9501,6,frog,0,airplane
9503,2,bird,6,frog
9506,4,deer,2,bird
9507,0,airplane,8,ship
9515,0,airplane,9,truck
9521,2,bird,4,deer
9522,3,cat,4,deer
9528,0,airplane,8,ship
9535,1,automobile,9,truck
9542,1,automobile,9,truck
9548,2,bird,3,cat
9560,9,truck,0,airplane
9573,2,bird,5,dog
9579,2,bird,6,frog
9584,3,cat,6,frog
9587,7,horse,9,truck
9603,2,bird,7,horse
9605,5,dog,4,deer
9609,1,automobile,6,frog
9616,5,dog,4,deer
9625,2,bird,0,airplane
9635,7,horse,4,deer
9638,2,bird,5,dog
9646,5,dog,1,automobile
9657,5,dog,3,cat
9659,4,deer,6,frog
9665,3,cat,5,dog
9666,3,cat,6,frog
9694,1,automobile,9,truck
9699,0,airplane,9,truck
9704,2,bird,3,cat
9707,5,dog,7,horse
9708,9,truck,1,automobile
9709,0,airplane,7,horse
9710,7,horse,3,cat
9716,7,horse,4,deer
9718,9,truck,1,automobile
9729,4,deer,6,frog
9730,6,frog,3,cat
9731,2,bird,1,automobile
9734,4,deer,7,horse
9740,3,cat,6,frog
9744,1,automobile,9,truck
9746,2,bird,0,airplane
9750,2,bird,6,frog
9751,0,airplane,1,automobile
9753,3,cat,6,frog
9755,3,cat,6,frog
9756,5,dog,7,horse
9764,2,bird,0,airplane
9767,2,bird,6,frog
9774,5,dog,6,frog
9776,2,bird,6,frog
9778,3,cat,5,dog
9780,4,deer,6,frog
9783,2,bird,6,frog
9790,8,ship,9,truck
9792,8,ship,1,automobile
9793,2,bird,9,truck
9805,2,bird,0,airplane
9812,3,cat,8,ship
9813,1,automobile,9,truck
9819,3,cat,5,dog
9820,0,airplane,9,truck
9821,4,deer,6,frog
9825,2,bird,4,deer
9831,2,bird,6,frog
9832,2,bird,4,deer
9840,4,deer,7,horse
9842,6,frog,4,deer
9847,0,airplane,8,ship
9850,7,horse,4,deer
9853,5,dog,6,frog
9857,0,airplane,1,automobile
9873,2,bird,9,truck
9879,7,horse,9,truck
9891,2,bird,4,deer
9901,3,cat,8,ship
9910,4,deer,7,horse
9918,5,dog,7,horse
9923,7,horse,9,truck
9926,3,cat,6,frog
9928,5,dog,4,deer
9930,8,ship,9,truck
9940,4,deer,5,dog
9943,7,horse,9,truck
9950,3,cat,5,dog
9953,7,horse,4,deer
9959,2,bird,3,cat
9960,2,bird,0,airplane
9961,3,cat,9,truck
9962,4,deer,7,horse
9963,8,ship,0,airplane
9964,2,bird,4,deer
9967,3,cat,4,deer
9968,3,cat,5,dog
9969,6,frog,9,truck
9982,2,bird,6,frog
9985,5,dog,9,truck
9989,2,bird,4,deer
9996,3,cat,6,frog
